{"cameraMode":{"drawMode":0,"name":"Shaded","section":"Shading Mode"},"sceneLighting":false,"audioPlay":false,"sceneViewState":{"showFog":true,"showMaterialUpdate":false,"showSkybox":false,"showFlares":true,"showImageEffects":true,"showParticleSystems":true},"in2DMode":false,"pivot":{"x":3.7825372219085695,"y":7.377121448516846,"z":17.31747055053711},"rotation":{"x":-0.004848099313676357,"y":0.992752730846405,"z":-0.11216771602630615,"w":-0.042913272976875308},"size":4.604987144470215,"orthographic":false}